{
  "csv": "/Users/ayobamibamigboye/capstone/model/datasets/metadata_latest.csv",
  "backbone": "dinov2_vitb14",
  "tier": "1",
  "min_delta": 0.005,
  "max_iter": 2,
  "stack": "stratify_alloy",
  "initial_temp_r2": 0.6903572248847222,
  "initial_time_r2": 0.7499733584606417,
  "initial_mean_r2": 0.720165291672682,
  "initial_temp_mae": 19.074145136530575,
  "initial_time_mae": 2.407263048825541,
  "initial_temp_rmse": 29.112762000613856,
  "initial_time_rmse": 7.261220644491317,
  "final_temp_r2": 0.7105628405737884,
  "final_time_r2": 0.7760117602750134,
  "final_mean_r2": 0.7432873004244009,
  "final_temp_mae": 17.549507288502667,
  "final_time_mae": 2.295695392631501,
  "final_temp_rmse": 27.75287654714583,
  "final_time_rmse": 6.891062339321583,
  "test_split_frac": 0.15,
  "test_n": 80,
  "test_temp_r2": 0.6802815934710931,
  "test_time_r2": 0.47841848470563764,
  "test_mean_r2": 0.5793500390883654,
  "test_temp_mae": 21.656666282809976,
  "test_time_mae": 6.2068350404228605,
  "test_temp_rmse": 42.838518801132786,
  "test_time_rmse": 21.774054461477746,
  "run_id": "20260504_134006_1027",
  "name": "iterate_demo",
  "saved_at": "2026-05-04 13:56:45"
}