scope,n_trials,feature_matrix_rows,feature_matrix_cols,best_model,ABR_tuned_cv_r2,ABR_delta,GBR_tuned_cv_r2,GBR_delta,ExtraTrees_tuned_cv_r2,ExtraTrees_delta,run_id,saved_at
dp_steel,100,54,878,ExtraTrees,0.7021009574091337,-0.03173409230728297,0.7350869570854089,0.276543879352152,0.7610514268324203,0.5001824614705865,20260414_115733_743f,2026-04-14 12:08:15
