{
  "scope": "dp_steel",
  "n_trials": 100,
  "feature_matrix_rows": 54,
  "feature_matrix_cols": 818,
  "top_n": 3,
  "cv_search": "RepeatedKFold(5,5)",
  "cv_eval": "RepeatedKFold(5,10)",
  "best_model": "GBR",
  "models": {
    "ABR": {
      "best_cv_r2": 0.8112896628171238,
      "tuned_cv_r2": 0.7229136982393601,
      "tuned_std": 0.43758084617483867,
      "delta": -0.07161185113297541,
      "params": {
        "max_depth": 5,
        "n_estimators": 220,
        "learning_rate": 0.31116610593806376
      }
    },
    "GBR": {
      "best_cv_r2": 0.81407097818456,
      "tuned_cv_r2": 0.7751397830381386,
      "tuned_std": 0.25210852689654434,
      "delta": 0.01613063065184761,
      "params": {
        "n_estimators": 437,
        "learning_rate": 0.05646602690102306,
        "max_depth": 3,
        "subsample": 0.876194258881925,
        "min_samples_leaf": 1,
        "max_features": null
      }
    },
    "KNN": {
      "best_cv_r2": 0.7073174361431712,
      "tuned_cv_r2": 0.6092398748266478,
      "tuned_std": 0.5203495148003423,
      "delta": 0.28424757436929254,
      "params": {
        "n_neighbors": 2,
        "weights": "distance",
        "p": 2
      }
    }
  },
  "trials_csvs": {
    "ABR": "optuna_trials_ABR.csv",
    "GBR": "optuna_trials_GBR.csv",
    "KNN": "optuna_trials_KNN.csv"
  },
  "run_id": "20260426_110520_e96a",
  "name": "bayes",
  "saved_at": "2026-04-26 11:19:52"
}