{
  "csv": "/Users/ayobamibamigboye/capstone/model/datasets/metadata_latest.csv",
  "backbone": "dinov2_vitb14",
  "tier": "1",
  "min_delta": 0.005,
  "max_iter": 8,
  "stack": "log_time+stratify_alloy",
  "initial_temp_r2": 0.710587503325772,
  "initial_time_r2": 0.6503405274162987,
  "initial_mean_r2": 0.6804640153710353,
  "initial_temp_mae": 18.527718047592643,
  "initial_time_mae": 3.3476789491743446,
  "initial_temp_rmse": 30.354221891669862,
  "initial_time_rmse": 10.269422693911805,
  "final_temp_r2": 0.7180358976090099,
  "final_time_r2": 0.8147619180551371,
  "final_mean_r2": 0.7663989078320734,
  "final_temp_mae": 18.38274255644738,
  "final_time_mae": 1.9210927856802875,
  "final_temp_rmse": 29.919224908169923,
  "final_time_rmse": 7.440122627176964,
  "run_id": "20260504_115403_caa5",
  "name": "iterate_demo",
  "saved_at": "2026-05-04 13:20:30"
}